Metal,Adsorbate,wexeinf,weinf,weo,wexe
Pt,O,0.6235,440,,
Au,O,0.291817,332,,
Rh,O,0.82618,493,,
Ag,O,0.46712,353,,
Ni,O,0.66,473,,
Pt,O2,2.137,383.8,,
Ag,O2,1.53,229,,
Rh,O2,1.8528,471,,
Pt,N,0.4581,505.48,,
Au,N,0.23,372,,
Rh,N,0.556,554,,
Ag,N,0.45,379,,
Pt,NH,0.8678,534.32,,
Au,NH,0.35,375.48,,
Rh,NH,1.2906,568,,
Ag,NH,0.705,399,,
Rh,NH2,1.367,425,442.68,1.4879
Pt,NH2,1.72,439.5,448.8,1.8049
Au,NH2,1.285,348.76,356.9,1.35
Ag,NH2,1.205,328.2,342.596,1.205
