Metal,H2,O2
Ag,0.3792316,-0.7281916
Au,0.3922716,-0.2826516
Co,-1.2569284,-4.9772316
Cu,-0.6281684,-3.0524116
Ir,-1.0000484,-3.5335716
Ni,-1.3789084,-4.7786716
Pd,-1.2381484,-2.9188316
Pt,-0.8391284,-2.2050516
Re,-1.7610684,-6.4227516
Rh,-1.1357484,-4.1319716
Ru,-1.4403084,-5.2162716
