"Surface","Distance","Veritical","Horizontal","cos(alpha)","sin(alpha)","NN2","NN2/NN","NN2cos(alpha)","NN2sin(alpha)"
"Au111","2.1377822539994411","1.8037797647377878","0.48077704248225767","0.87684287955255324","3.8560883711797294","3.4831487411972404","1.6544160217562021","0.90328550746662684","0.42903996550526435"
"Au111+10","2.1876179491457979","1.8040856424814466","0.51553637598803714","0.85686769400714435","3.9466501332886414","3.5831487411972773","1.6544160217562021","0.9078962208924084","0.41919500484772387"
"Au111+20","2.2408104822440169","1.801873652490928","0.54792524369104656","0.83652730220005789","4.0376573681809846","3.6831487411972077","1.6544160217562021","0.91219942787183861","0.40974651162674985"
"Au111-10","2.0915433630706293","1.800586249164936","0.44359425959337589","0.89622772377103155","3.7660042190771605","3.3831487411970755","1.6544160217562021","0.89833907356219012","0.43930275313435735"
"Au111-20","2.0491447761677617","1.7941303263407939","0.40397176381906091","0.91477145453764397","3.6764327859853996","3.2831487411971985","1.6544160217562021","0.89302563988456307","0.45000578497255639"
